{
  "cache_timestamp": "2025-09-12T12:27:38.603Z",
  "version": "2.1.0-1757680057944",
  "buildId": "1757680057944",
  "deployment": {
    "timestamp": "2025-09-12T12:27:38.603Z",
    "version": "2.1.0-1757680057944",
    "buildId": "1757680057944"
  },
  "statistics": {
    "dataRecords": {
      "cards": 9,
      "visualObjects": 2,
      "formulas": 8,
      "lookupTables": 2
    },
    "bundleSize": {
      "totalKB": 347,
      "files": 4
    }
  },
  "health": {
    "lastDeployment": "2025-09-12T12:27:38.603Z",
    "status": "healthy",
    "errors": []
  }
}