{
  "cache_timestamp": "2025-09-15T09:25:01.267Z",
  "version": "2.1.0-1757928299996",
  "buildId": "1757928299996",
  "deployment": {
    "timestamp": "2025-09-15T09:25:01.267Z",
    "version": "2.1.0-1757928299996",
    "buildId": "1757928299996"
  },
  "statistics": {
    "dataRecords": {
      "cards": 9,
      "visualObjects": 2,
      "formulas": 8,
      "lookupTables": 2
    },
    "bundleSize": {
      "totalKB": 347,
      "files": 4
    }
  },
  "health": {
    "lastDeployment": "2025-09-15T09:25:01.267Z",
    "status": "healthy",
    "errors": []
  }
}