{
  "timestamp": "2025-09-15T09:25:01.270Z",
  "checks": [
    {
      "name": "XSS Protection",
      "passed": true,
      "details": "No XSS vulnerabilities detected",
      "issues": []
    },
    {
      "name": "CORS Configuration",
      "passed": false,
      "details": "CORS allows all origins (*) - should be restricted in production",
      "issues": [
        "CORS allows all origins (*) - should be restricted in production"
      ]
    },
    {
      "name": "Nonce Security",
      "passed": true,
      "details": "Nonce security is properly implemented",
      "issues": []
    },
    {
      "name": "File Security",
      "passed": true,
      "details": "File security is properly configured",
      "issues": []
    },
    {
      "name": "Data Integrity",
      "passed": true,
      "details": "Data integrity is valid",
      "issues": []
    }
  ],
  "vulnerabilities": [],
  "recommendations": [
    "Address all security check failures before production deployment",
    "Implement strict CORS policy with specific allowed origins"
  ],
  "score": 80
}